name,age,email,address1,city,state,thumbnailImage
wolfy,3,wolfy@gmail.com,333 Woof St,Woofville,Woofland,/img/dd.jpeg
hera,2,hera@gmail.com,222 Woof St,Woofville,Woofland,/img/dd2.jpeg
puffy,1,puffy@gmail.com,111 Woof St,Woofville,Woofland,/img/dd3.jpeg
basha,4,basha@gmail.com,444 Woof St,Woofville,Woofland,/img/dd4.jpeg
tiger,5,tiger@gmail.com,555 Woof St,Woofville,Woofland,/img/dd5.jpeg
